462.67690751476;582.0;214.17264624371938;0.0;-117.82228157999702;-4.1719116681430535;480.8615415359916;368.6007462886732;480.8615415359916;368.6007462886732;1.4669130337316945;hit
421.9061951149724;521.4023203819837;196.47738799844348;0.0;-26.846228198716684;-1.0165026752159463;465.7517131767771;329.8796466835862;465.7517131767771;329.8796466835862;1.5089644208869073;hit
463.54881726601513;407.28994456892974;77.44163588852759;0.0;48.41831339694601;4.136098863610499;465.7517131767771;329.87964668358615;465.7517131767771;329.87964668358615;1.6;hit
584.3672652834981;394.6945123825781;135.1688426271402;0.0;175.39493216083468;0.2893248493153351;465.7517131767772;329.87964668358615;465.7517131767772;329.87964668358615;1.6;hit
611.5980103700483;582.0;65.48028727510315;1.0;-107.96213360896586;-3.8872670994687155;593.5607281502913;519.0530026788023;598.3075574223362;522.6450612484933;1.6;hit
605.9295335375912;580.156383710111;36.36273758087523;0.0;-53.45863474682627;-2.8421709430404007E-14;602.7647360369714;543.9316305549041;602.7647360369714;543.9316305549041;1.6;hit
591.2266533683727;531.9122050711704;45.2132813213836;8.0;-3.62509489731925;-2.5602942390507053;592.9413620894801;486.7314505196102;597.014678816327;454.1023312053466;1.6;hit
640.4111526147833;467.43834984510113;79.16090039632235;8.0;55.3808307251275;-1.3126425100157633;672.8201072950461;395.2157231406594;727.2928655676487;376.58232358774126;1.6;no_hit
396.6673906800125;548.2227628615498;53.23549175975314;0.0;25.278980882047804;-0.24832111929845269;355.51990188427135;582.0;355.51990188427135;582.0;1.6;hit
551.4706194869681;573.4778473625857;54.17641341419587;8.0;-11.661338213155112;1.239421786070352;497.40662091526445;576.9660888772592;469.267010138308;604.5451263488733;1.6;hit
521.5346187090096;555.8484637707393;41.84280586316501;8.0;61.82129130036864;-4.19432408453261;482.75939613111075;540.1226087371673;484.1273326241884;509.7222384044919;1.6;hit
589.426874134702;496.2020429469975;290.92633118316877;0.0;68.12945708862196;-3.130688616905303;685.4267551848747;221.5711032951595;685.4267551848747;221.5711032951595;1.3437296293989953;hit
684.9733086805664;545.722307676945;324.1515215387617;0.0;143.31687132163455;0.861729212409756;685.4267551848749;221.57110329515956;685.4267551848749;221.57110329515956;1.3084977035594205;hit
701.5646341230031;582.0;360.78999531097065;0.0;-110.03932453125395;8.526512829121202E-14;685.4267551848745;221.57110329515956;685.4267551848745;221.57110329515956;1.2771695482126892;hit
691.898707469117;574.5122177891162;353.00044825269794;0.0;-19.80245267858469;-0.10939144491948127;685.426755184875;221.57110329515962;685.426755184875;221.57110329515962;1.2832857592532412;hit
728.0752950293676;496.8269034664633;278.54021878143914;0.0;55.70447923862253;1.337607331897857;685.4267551848748;221.57110329515956;685.4267551848748;221.57110329515956;1.3590145812245036;hit
782.0;470.6671650994544;267.16144860464277;0.0;160.08807315488767;-5.6843418860808015E-14;685.426755184875;221.5711032951595;685.426755184875;221.5711032951595;1.3743055014946575;hit
743.1395216691244;502.81586152266874;287.105167918858;0.0;-102.5065940218987;-1.567697074933136;685.4267551848749;221.5711032951595;685.4267551848749;221.5711032951595;1.3483044235144597;hit
636.0922026383698;491.75922271699704;274.6552711157625;0.0;-68.45081213649289;-1.5354296872220061;685.4267551848748;221.5711032951595;685.4267551848748;221.5711032951595;1.364092775622907;hit
585.3984704968749;396.8301792428442;201.79544454635212;0.0;-31.818337533378532;-1.1583812024789495;685.4267551848748;221.5711032951595;685.4267551848748;221.5711032951595;1.495551325377071;hit
642.5273933140953;297.4679821502034;87.18194462649531;0.0;28.42048759082366;2.3141663605630924;685.4267551848748;221.5711032951595;685.4267551848748;221.5711032951595;1.6;hit
763.934034888727;301.48913557715724;112.02805385404723;0.0;166.38682435936607;1.0347148961905077;685.4267551848748;221.57110329515956;685.4267551848748;221.57110329515956;1.6;hit
753.0793165090286;348.0752732353619;143.4579174042966;0.0;-94.96576600907628;-3.195257403644945;685.4267551848748;221.57110329515956;685.4267551848748;221.57110329515956;1.6;hit
349.4933449973616;394.4065571037951;230.44484365579294;8.0;16.21574536674358;-0.25532980699662744;513.1752142327703;232.19351308098715;530.8855994285032;96.6934951815021;1.4339433176876213;no_hit
498.4332100313943;556.7977702987656;420.6187874580508;8.0;175.72911797295876;-2.9932416723653006;732.0851166187642;207.04507065118906;817.1704117609125;393.28727370125097;1.2377449676091161;no_hit
499.37324112855794;399.12230915045353;82.37507759108796;8.0;29.46947677619716;3.3794079922546985;541.8050903337429;328.5164200110467;499.77438548499055;285.8253696046694;1.6;hit
655.769889660803;451.3729269619001;305.70505641214646;8.0;172.37318031429442;-1.8403143274206286;551.7181453270584;163.92064219613462;671.0805491185082;54.340206872223646;1.3271126790431025;no_hit
646.8292071952171;565.6385133402243;423.0746322315986;8.0;-149.90548388022592;-4.424325232484534;664.3942163269763;142.92866617304082;860.6256494866441;204.59907743706248;1.2363649162147312;no_hit
591.9319961103885;530.9642755768429;307.28996101149767;8.0;-49.4033008124013;-0.8847019228508657;740.3331292040771;261.88394587034594;730.5578561547396;424.19200045026287;1.3254255351226991;no_hit
639.0146344222924;400.5053104177289;51.41253648716313;8.0;126.18111576117752;3.9703251860006503;603.489987465947;363.34016052336005;566.6061072275072;357.2032683440107;1.6;hit
730.0005314180889;486.9287383069621;311.48358843608474;8.0;-149.95396757433787;-2.3314661912900476;512.3698413603165;264.0859493053926;487.96181642909744;101.80338490524554;1.321044201725317;no_hit
708.1309802507117;582.0;448.922339520068;8.0;-102.73495599576242;-1.723600659122127;557.9743638091186;158.93468889663916;726.5686818748711;24.57183075051833;1.2227556777568869;hit
619.3214302471623;232.36737808847832;99.17607262152984;8.0;27.54391617702324;-2.919911506721675;656.7622407289624;140.5301356914154;726.9130609155391;157.30268559084809;1.6;hit
589.9484575913427;349.8076698669148;168.8588441260835;8.0;-155.45488324906074;-1.1740393522824917;756.4567729754818;321.7311646083711;821.6515163287925;219.18501786728916;1.5922106154258169;no_hit
588.8054993108054;480.00589735959966;160.0340522579627;0.0;110.86051183610061;2.72288747761867;725.4415267881208;396.6902693098594;725.4415267881208;396.6902693098594;1.6;hit
552.2705886897445;582.0;253.62939516216193;0.0;-163.57339609150253;0.0;725.4415267881207;396.69026930985933;725.4415267881207;396.69026930985933;1.3942760654223987;hit
517.8517427814436;535.2698992284108;249.5953370003165;0.0;-75.78711412307483;-1.7657650136570737;725.4415267881208;396.6902693098594;725.4415267881208;396.6902693098594;1.4006485105123305;hit
564.9156158045669;470.0699736990022;176.50254704490203;0.0;-7.946674416501058;-0.3436017965372855;725.4415267881208;396.69026930985945;725.4415267881208;396.69026930985945;1.5665640619597412;hit
699.0360070225416;482.954077484277;90.2147220515759;0.0;112.46775634859706;4.848266619557762;725.4415267881208;396.69026930985945;725.4415267881208;396.69026930985945;1.6;hit
736.914567849427;582.0;185.664554936172;0.0;-150.9699730101748;0.0;725.4415267881208;396.69026930985945;725.4415267881208;396.69026930985945;1.5386057669132276;hit
702.5114679049833;545.1204369327802;150.1908860781922;0.0;-36.2946415047846;-1.7316384223642842;725.4415267881208;396.69026930985945;725.4415267881208;396.69026930985945;1.6;hit
707.7187544772576;436.7614976503974;43.8155223534107;0.0;8.62827681663011;0.19184962252273863;725.4415267881208;396.69026930985945;725.4415267881208;396.69026930985945;1.6;hit
415.90525511346044;528.8703680171908;59.65920313494178;8.0;-4.1828659099596965;4.8331963747099564;402.1503482212535;470.8184683490235;360.1493325410182;459.9337266980488;1.017773073695969;hit
426.17844471527025;471.4516195724831;106.05444814302679;8.0;89.55133303494938;-0.2334131255271643;334.9739409764586;417.32875500787367;294.7064431030035;351.54392515097896;1.0533192210879065;no_hit
396.49772090802037;508.3573116948467;582.3807668996038;0.0;153.21147685703977;-2.362016540945177;710.6904396682961;18.000000000000114;710.6904396682961;18.000000000000114;1.1717089671974674;hit
385.09663593889366;395.8757927783556;364.5824973178243;8.0;48.088285708490716;-0.14216306921406385;490.3056494622293;46.80350682034958;432.4380190524768;-127.44151477160989;1.274286343243804;no_hit
485.45906632280656;400.891246142536;382.89137660671486;0.0;116.81358750729909;1.078440722194216;485.77514732679566;18.0;485.77514732679566;18.0;1.2611706768802855;no_hit
214.48265015872406;460.68865564074986;59.16336374804951;0.0;-72.09684244083289;-4.096842440833825;155.4554676904678;456.67675586094475;155.4554676904678;456.67675586094475;1.6;hit
525.5308705465251;385.85680038762473;590.1222767112679;0.0;123.11287465458638;0.6554121908655475;18.000000000000455;84.76426160066461;18.000000000000455;84.76426160066461;1.1694564058101597;hit
618.7663577756114;385.5173498412776;671.8427172495356;0.0;175.19813202436097;0.05779735555884713;18.0;84.7642616006653;18.0;84.7642616006653;1.1488443610870578;no_hit
683.6384188352633;462.25969733525784;725.5555894088823;8.0;-136.99722218558003;-4.753355540278022;60.34149592680262;90.86791065262952;359.24409291236884;215.07141080906092;1.1378254147025055;no_hit
597.8239939469139;532.9473426025411;582.3360340569268;8.0;42.87145682128892;-0.20862045397791462;65.50312108960622;296.8335037840926;-167.35122222943747;428.2306914257793;1.1717221572282515;no_hit
626.2041145056407;407.94492335732485;616.1106531548767;0.0;125.60242550525486;-1.396273505622446;17.999999999999886;309.557464657864;17.999999999999886;309.557464657864;1.1623085065774088;no_hit
387.19762731357525;377.7748589472106;337.1667465437537;8.0;157.64589496785064;-1.1367083156999627;58.86611486170858;301.09479044196246;-101.30514172142239;234.53855810169645;1.2965891536608671;no_hit
482.32906770043604;410.14430835456363;485.1453961709327;0.0;-154.05352154039716;-0.41959468124574073;17.999999999999943;269.55777872140465;17.999999999999943;269.55777872140465;1.2061237740051989;hit
266.27671945095193;171.3687033483571;374.4042719578939;8.0;174.5506886879385;-1.7017669527767154;461.4304941895691;490.88953688756413;324.9801935277835;619.1621068285301;1.2670909695476076;no_hit
415.64814212505723;206.22568671129483;146.95081970496042;8.0;84.89412241443532;-1.5285954877115913;479.5104917753796;338.57425568391255;544.1714644133065;423.667533190045;1.6;no_hit
268.9464562152129;36.65733791684675;470.14513692598274;8.0;-137.740497515705;-4.480436853862727;327.2537449508766;503.1728358967606;131.12068559342518;395.4841437913084;1.2127002751827751;no_hit
782.0;147.5048114099096;583.7560839400697;0.0;-139.57131700786704;-5.6843418860808015E-14;276.05652988258737;438.69610692300796;276.05652988258737;438.69610692300796;1.1713044244867628;hit
696.1594022116365;181.6742007331052;492.4902878236366;0.0;163.9650737632329;0.2611595314919555;276.0565298825875;438.69610692300796;276.0565298825875;438.69610692300796;1.2030496894505471;hit
776.2348631812984;161.1128594867841;572.0409289191782;0.0;-27.96461837360783;-0.23303854717397599;276.05652988258703;438.6961069230074;276.05652988258703;438.6961069230074;1.174812666270124;hit
695.0728144382708;200.72415426668758;481.87684834811427;0.0;25.100030401516715;0.3975205222030809;276.05652988258726;438.6961069230078;276.05652988258726;438.6961069230078;1.2075219017946235;hit
602.9241179063741;160.64435970026787;429.13307287379575;0.0;87.89282145504629;1.066544813202313;276.056529882587;438.6961069230074;276.056529882587;438.6961069230074;1.2330279494198042;hit
577.7750245708974;63.354610448779376;481.5758393155672;0.0;150.71240151392456;0.47245158712797775;276.0565298825871;438.6961069230076;276.0565298825871;438.6961069230076;1.2076516133826887;hit
599.0420650345073;18.130638395683693;530.2781998488904;0.0;-120.01702895162188;-0.09364497040616016;276.0565298825874;438.6961069230078;276.0565298825874;438.6961069230078;1.1885802584916678;hit
638.3355262895404;78.92173088933833;510.5719076565468;0.0;-58.6922594515932;-0.7607884912686131;276.0565298825875;438.6961069230079;276.0565298825875;438.6961069230079;1.1958587977528687;hit
618.1452381679798;169.94548367445964;435.0305527579085;0.0;-17.33974413055301;-0.30860403183419294;276.05652988258726;438.69610692300773;276.05652988258726;438.69610692300773;1.2298689123465987;hit
581.5597254552395;201.98325049919495;386.4779151535347;0.0;19.526061179111565;5.6843418860808015E-14;276.05652988258726;438.6961069230077;276.05652988258726;438.6961069230077;1.2587469971221341;hit
572.7929682027506;201.42314611447622;379.9354836781937;0.0;55.902610263258914;0.37297960873593183;276.05652988258726;438.6961069230077;276.05652988258726;438.6961069230077;1.2632025812169212;hit
524.6721177543201;124.58706797789846;400.59231006077425;0.0;132.1450621159554;0.8598394078977094;276.0565298825875;438.69610692300796;276.0565298825875;438.69610692300796;1.2496303535752569;hit
556.568108512528;29.295840792147864;496.28149638434064;0.0;-171.911554595798;-0.13205953522623304;276.0565298825875;438.6961069230079;276.0565298825875;438.6961069230079;1.201498546144779;hit
591.6866588303044;34.07533614596495;513.1669771563255;0.0;-79.20002917750318;-0.765712989632334;276.0565298825874;438.69610692300785;276.0565298825874;438.69610692300785;1.194868345882547;hit
615.0208994038371;124.34429272780993;462.2920147404134;0.0;-39.65101461024592;-0.6243471371903979;276.0565298825877;438.6961069230082;276.0565298825877;438.6961069230082;1.2163134919303162;hit
556.6581532081901;206.14626129529933;364.44025808688383;0.0;9.156876609407664;0.19590593352006636;276.0565298825873;438.69610692300773;276.0565298825873;438.69610692300773;1.2743933958475018;hit
456.2656278839404;210.51811033591315;290.7585203032948;0.0;73.20571498664442;1.4969675441312233;276.0565298825873;438.69610692300785;276.0565298825873;438.69610692300785;1.3439280124815893;hit
389.2821205925053;126.28873586186464;332.29264193620753;0.0;147.5844831066455;0.7547340428637312;276.05652988258754;438.69610692300785;276.05652988258754;438.69610692300785;1.300939555619765;hit
421.6547348173486;23.656423106082322;439.8372158231704;0.0;-155.8246668658161;-0.4339755388880917;276.05652988258737;438.69610692300785;276.05652988258737;438.69610692300785;1.2273568411277944;hit
455.92711904981996;39.06725294774169;438.2426836547896;0.0;-63.72574443284013;-0.9302604390123861;276.05652988258737;438.69610692300785;276.05652988258737;438.69610692300785;1.22818407181618;hit
475.94999436721287;137.5398718275002;361.4588151927781;0.0;-21.06786786786615;-0.44661548415359675;276.05652988258737;438.69610692300785;276.05652988258737;438.69610692300785;1.276656691708201;hit
410.6798247123144;213.94391071442564;261.9866050228382;0.0;33.585489241058916;0.9437384607267632;276.05652988258737;438.69610692300785;276.05652988258737;438.69610692300785;1.3816989040003884;no_hit
181.85478430564052;33.68618907385736;261.93266413354587;8.0;-59.6468175916963;-3.149853247918145;103.51182885563145;283.62838613440744;-36.33099361604846;328.3163038648485;1.381777508852486;no_hit
203.29819050510412;139.14498720808632;229.2616081013327;0.0;-39.41775523829148;-1.2359891378184784;17.999999999999943;274.1467114368649;17.999999999999943;274.1467114368649;1.4361829301825382;hit
27.561894605503277;174.55907811284789;253.42675892454938;8.0;-103.21555994656258;-2.900842223508441;181.93641182827568;375.5407453644597;183.74996762377504;519.5102430492531;1.3945913226541802;no_hit
144.39137123135964;144.79381188670695;333.57283282247585;8.0;-79.49959727895558;-2.9463874159243915;115.28331146906888;477.0942116067289;-38.46405894886581;554.4940752318388;1.2997846052205906;hit
64.69709072951802;217.5410109626905;69.38943704045394;8.0;146.21627267721027;3.038624187178492;112.6456019678327;267.69910345852145;159.67038303758565;286.01277988732085;1.6;no_hit
223.27146039029483;237.17169791790292;315.18960180851093;0.0;-51.1304424516731;3.9459081563932727;17.99999999999997;476.35387249921087;17.99999999999997;476.35387249921087;1.317269349706383;no_hit
98.91539902615885;368.185945534374;132.33782163756442;8.0;104.7371751022104;1.8250055045681712;124.6894836942752;497.98962651182774;198.11659962684348;560.212541853955;1.6;no_hit
24.001751946296388;309.04642357895824;305.9258440505409;0.0;-119.14724027920245;4.237097290733768;162.15734241225755;582.0;162.15734241225755;582.0;1.3268766007996349;no_hit
121.81770674813322;271.5569278330409;264.1115496758008;8.0;-80.51749356793894;1.250153167657703;144.72643481227618;534.6730635044134;132.58132855105168;387.6314222136338;1.3786278946253991;no_hit
222.46603144195586;370.4861540159385;49.12103619591464;8.0;-5.09344111032222;4.489335300915236;226.2346133525682;419.4624134417395;260.06878120043336;407.9958915582665;1.6;hit
106.76952311886737;416.8008297704393;280.2773002537333;8.0;175.78727133762007;-1.944428717566396;371.82591004898586;507.9077822223389;405.5347107720967;657.2217572191482;1.3567895077820096;no_hit
30.350213426353402;341.0283619508486;409.0429734232202;0.0;-145.33744974836807;-0.6477145441399159;360.87831172182064;581.9999999999999;360.87831172182064;581.9999999999999;1.244473090842057;no_hit
208.4007782901193;215.22487611859893;335.61448322887173;8.0;-5.96094234131264;-0.6763240944051461;462.77506511674494;434.15592360713634;635.2897152199589;422.9342721614313;1.29796091943924;no_hit
254.29572938993135;312.56464824128835;348.7842073504439;8.0;61.72968010827507;-0.8880259929657299;559.270131515252;481.8012794574073;668.0112200350916;622.3857043363417;1.2867102291117332;no_hit
660.4419678201406;582.0;305.4528541377899;8.0;-88.42305110145432;-0.993400223009246;537.0984371940938;302.55802113207216;416.93900108463487;193.98666343252734;1.3273827651153325;no_hit
368.37331818077837;325.99110944667905;346.0692696924898;8.0;-174.37514392433775;-1.8870318172750586;619.163308507041;87.52031421664194;795.766349223698;80.87111781110181;1.2889594909390771;no_hit
206.0181076651851;297.16708557363575;535.8560739413257;8.0;-116.11793700498973;-2.2870691885448053;734.031258598632;205.82243919989077;734.7106840071662;455.04616105611683;1.1866172744193801;no_hit
201.92116883415997;175.7629777949901;482.5651217254982;8.0;-77.67815251642435;-1.1539777526507606;666.3790904037787;306.7131049319073;461.23662428683883;407.4609819544973;1.2072259172864215;no_hit
325.07449400709976;121.10460268503559;262.32173234023736;8.0;-26.95608318108393;4.011481449706501;534.5097378358931;279.05893121185056;432.1487833402191;173.63771996453283;1.3812112672018255;no_hit
412.35596484435126;205.58943648258878;110.78178336074247;8.0;98.65810835896308;2.8404841312996325;513.0900895457303;159.48911495189338;540.439664441171;83.70458368550474;1.6;no_hit
368.37331818077786;325.99110944667973;346.06926969249116;8.0;-174.37514392433746;-1.8870318172751297;619.1633085070421;87.52031421664222;795.7663492236995;80.87111781110333;1.2889594909390758;no_hit
206.01810766518477;297.16708557363535;535.8560739413257;8.0;-116.11793700498947;-2.2870691885448338;734.0312585986319;205.8224391998918;734.7106840071642;455.04616105611785;1.1866172744193801;no_hit
201.92116883416043;175.76297779498964;482.56512172549714;8.0;-77.67815251642409;-1.153977752650647;666.3790904037778;306.71310493190765;461.2366242868377;407.460981954496;1.207225917286422;no_hit
325.07449400710067;121.10460268503596;262.3217323402357;8.0;-26.956083181083578;4.011481449706544;534.5097378358926;279.0589312118501;432.14878334021967;173.63771996453204;1.381211267201828;no_hit
412.35596484435166;205.5894364825898;110.78178336074315;8.0;98.65810835896421;2.8404841312994904;513.0900895457307;159.48911495189287;540.4396644411721;83.70458368550395;1.6;no_hit
368.3733181807774;325.9911094466803;346.0692696924923;8.0;-174.37514392433718;-1.8870318172751013;619.1633085070429;87.52031421664245;795.7663492237008;80.8711178111048;1.288959490939075;no_hit
206.01810766518432;297.1670855736347;535.8560739413259;8.0;-116.11793700498926;-2.287069188544862;734.031258598632;205.82243919989276;734.7106840071626;455.0461610561189;1.18661727441938;no_hit
201.92116883416088;175.76297779498898;482.56512172549634;8.0;-77.67815251642384;-1.153977752650576;666.3790904037771;306.71310493190816;461.2366242868365;407.46098195449497;1.2072259172864224;no_hit
325.07449400710163;121.10460268503624;262.32173234023395;8.0;-26.95608318108322;4.011481449706629;534.509737835892;279.05893121184954;432.14878334022023;173.6377199645312;1.3812112672018304;no_hit
412.355964844352;205.58943648259066;110.78178336074363;8.0;98.65810835896544;2.8404841312994904;513.0900895457308;159.48911495189208;540.4396644411729;83.70458368550302;1.6;no_hit
368.37331818077695;325.99110944668104;346.06926969249366;8.0;-174.37514392433678;-1.8870318172751013;619.1633085070434;87.5203142166423;795.7663492237019;80.87111781110589;1.2889594909390738;no_hit
206.01810766518403;297.1670855736343;535.8560739413261;8.0;-116.11793700498899;-2.287069188544777;734.0312585986322;205.82243919989375;734.710684007161;455.04616105611996;1.18661727441938;no_hit
201.92116883416142;175.76297779498856;482.56512172549554;8.0;-77.67815251642355;-1.153977752650455;666.3790904037767;306.71310493190845;461.2366242868356;407.46098195449366;1.2072259172864226;no_hit
325.07449400710254;121.10460268503671;262.32173234023236;8.0;-26.95608318108277;4.011481449706714;534.5097378358918;279.0589312118489;432.14878334022114;173.63771996453022;1.3812112672018328;no_hit
412.35596484435234;205.5894364825918;110.78178336074494;8.0;98.65810835896662;2.8404841312993767;513.0900895457318;159.4891149518913;540.4396644411746;83.70458368550156;1.6;no_hit
368.3733181807764;325.9911094466818;346.06926969249554;8.0;-174.37514392433653;-1.887031817275144;619.163308507045;87.52031421664259;795.7663492237043;80.87111781110741;1.2889594909390722;no_hit
206.01810766518375;297.1670855736339;535.8560739413264;8.0;-116.11793700498869;-2.2870691885446917;734.0312585986322;205.82243919989423;734.7106840071592;455.0461610561206;1.18661727441938;no_hit
201.92116883416202;175.76297779498816;482.5651217254945;8.0;-77.67815251642328;-1.1539777526504054;666.379090403776;306.7131049319088;461.2366242868345;407.46098195449235;1.207225917286423;no_hit
325.07449400710334;121.10460268503712;262.321732340231;8.0;-26.956083181082374;4.011481449706771;534.5097378358914;279.0589312118485;432.1487833402218;173.6377199645294;1.3812112672018348;no_hit
412.3559648443525;205.58943648259282;110.78178336074576;8.0;98.65810835896775;2.840484131299263;513.0900895457321;159.4891149518907;540.4396644411758;83.70458368550058;1.6;no_hit
368.3733181807756;325.99110944668246;346.0692696924972;8.0;-174.37514392433624;-1.887031817275144;619.1633085070459;87.52031421664265;795.7663492237059;80.87111781110869;1.288959490939071;no_hit
206.01810766518327;297.16708557363347;535.8560739413269;8.0;-116.11793700498845;-2.287069188544649;734.0312585986326;205.8224391998952;734.7106840071579;455.0461610561217;1.1866172744193797;no_hit
201.9211688341624;175.76297779498762;482.56512172549424;8.0;-77.67815251642301;-1.1539777526502704;666.3790904037758;306.7131049319092;461.2366242868337;407.4609819544912;1.2072259172864233;no_hit
325.0744940071042;121.10460268503752;262.32173234022963;8.0;-26.956083181081947;4.011481449706842;534.5097378358912;279.05893121184806;432.14878334022274;173.63771996452857;1.381211267201837;no_hit
412.35596484435274;205.5894364825938;110.78178336074664;8.0;98.65810835896885;2.8404841312992346;513.0900895457326;159.48911495189012;540.4396644411769;83.70458368549959;1.6;no_hit
368.37331818077513;325.991109446683;346.0692696924985;8.0;-174.37514392433596;-1.8870318172751155;619.1633085070468;87.52031421664279;795.7663492237073;80.87111781111008;1.2889594909390696;no_hit
206.0181076651829;297.1670855736329;535.856073941327;8.0;-116.11793700498825;-2.2870691885447485;734.0312585986327;205.8224391998964;734.7106840071561;455.04616105612297;1.1866172744193797;no_hit
201.92116883416293;175.76297779498702;482.5651217254933;8.0;-77.67815251642277;-1.1539777526501638;666.379090403775;306.7131049319099;461.2366242868325;407.46098195449036;1.2072259172864237;no_hit
325.0744940071051;121.10460268503773;262.3217323402281;8.0;-26.95608318108161;4.011481449706906;534.5097378358907;279.0589312118476;432.1487833402233;173.63771996452772;1.381211267201839;no_hit
412.35596484435314;205.58943648259464;110.78178336074751;8.0;98.6581083589699;2.8404841312991493;513.0900895457332;159.48911495188946;540.4396644411784;83.70458368549852;1.6;no_hit
368.3733181807747;325.99110944668377;346.06926969250014;8.0;-174.37514392433567;-1.8870318172751723;619.1633085070481;87.52031421664293;795.7663492237091;80.87111781111145;1.2889594909390683;no_hit
206.01810766518278;297.16708557363245;535.8560739413275;8.0;-116.117937004988;-2.287069188544706;734.0312585986333;205.8224391998975;734.710684007155;455.0461610561243;1.1866172744193795;no_hit
201.92116883416364;175.7629777949865;482.56512172549276;8.0;-77.6781525164225;-1.1539777526500146;666.3790904037749;306.71310493191027;461.2366242868319;407.46098195448917;1.2072259172864237;no_hit
325.0744940071062;121.10460268503815;262.3217323402267;8.0;-26.956083181081233;4.011481449706949;534.5097378358906;279.05893121184727;432.1487833402243;173.63771996452704;1.381211267201841;no_hit
412.35596484435365;205.5894364825957;110.78178336074814;8.0;98.65810835897094;2.840484131299064;513.0900895457338;159.48911495188915;540.4396644411796;83.70458368549798;1.6;no_hit
368.37331818077433;325.99110944668456;346.06926969250134;8.0;-174.37514392433533;-1.887031817275144;619.1633085070489;87.52031421664319;795.7663492237104;80.87111781111294;1.2889594909390674;no_hit
206.0181076651826;297.16708557363216;535.8560739413275;8.0;-116.11793700498774;-2.287069188544706;734.0312585986333;205.8224391998985;734.7106840071532;455.04616105612524;1.1866172744193795;no_hit
201.92116883416438;175.76297779498626;482.5651217254917;8.0;-77.67815251642224;-1.1539777526499435;666.3790904037743;306.7131049319109;461.23662428683093;407.46098195448815;1.2072259172864241;no_hit
325.0744940071074;121.10460268503876;262.32173234022486;8.0;-26.95608318108089;4.01148144970702;534.5097378358902;279.058931211847;432.148783340225;173.63771996452647;1.3812112672018437;no_hit
412.35596484435405;205.58943648259694;110.78178336074902;8.0;98.65810835897213;2.8404841312989504;513.0900895457344;159.48911495188864;540.439664441181;83.70458368549707;1.6;no_hit
368.37331818077394;325.9911094466853;346.06926969250276;8.0;-174.37514392433508;-1.8870318172751297;619.16330850705;87.52031421664347;795.7663492237122;80.87111781111446;1.288959490939066;no_hit
206.01810766518238;297.16708557363165;535.856073941328;8.0;-116.1179370049875;-2.287069188544706;734.0312585986337;205.82243919989935;734.7106840071518;455.04616105612627;1.1866172744193793;no_hit
201.92116883416506;175.76297779498572;482.56512172549066;8.0;-77.67815251642202;-1.1539777526498582;666.3790904037736;306.7131049319114;461.23662428682985;407.460981954487;1.2072259172864246;no_hit
325.0744940071084;121.10460268503913;262.3217323402235;8.0;-26.956083181080484;4.01148144970707;534.5097378358901;279.0589312118466;432.14878334022603;173.63771996452567;1.381211267201846;no_hit
412.35596484435456;205.58943648259788;110.78178336074984;8.0;98.65810835897325;2.840484131298922;513.090089545735;159.48911495188798;540.4396644411823;83.70458368549603;1.6;no_hit
368.37331818077354;325.9911094466859;346.0692696925043;8.0;-174.37514392433476;-1.887031817275087;619.1633085070512;87.52031421664347;795.7663492237139;80.8711178111157;1.288959490939065;no_hit
206.01810766518224;297.16708557363125;535.8560739413276;8.0;-116.11793700498723;-2.2870691885446206;734.0312585986335;205.82243919990015;734.7106840071499;455.046161056127;1.1866172744193795;no_hit
201.92116883416577;175.76297779498523;482.56512172548986;8.0;-77.67815251642175;-1.1539777526498156;666.3790904037731;306.713104931912;461.23662428682906;407.46098195448604;1.207225917286425;no_hit
325.07449400710954;121.10460268503952;262.32173234022173;8.0;-26.95608318108012;4.011481449707169;534.5097378358897;279.058931211846;432.1487833402268;173.6377199645248;1.3812112672018482;no_hit
412.35596484435496;205.58943648259896;110.78178336075055;8.0;98.6581083589744;2.84048413129878;513.0900895457355;159.48911495188747;540.4396644411836;83.70458368549522;1.6;no_hit
368.37331818077297;325.9911094466867;346.0692696925058;8.0;-174.37514392433448;-1.8870318172751297;619.1633085070522;87.52031421664367;795.7663492237156;80.87111781111713;1.2889594909390636;no_hit
206.01810766518176;297.1670855736308;535.8560739413282;8.0;-116.11793700498703;-2.2870691885447343;734.031258598634;205.82243919990194;734.7106840071486;455.046161056129;1.1866172744193793;no_hit
201.9211688341661;175.76297779498483;482.5651217254891;8.0;-77.67815251642149;-1.1539777526496025;666.3790904037725;306.71310493191254;461.23662428682786;407.46098195448496;1.2072259172864255;no_hit
325.0744940071103;121.10460268503996;262.32173234022;8.0;-26.95608318107974;4.0114814497071976;534.509737835889;279.05893121184556;432.1487833402273;173.63771996452402;1.3812112672018508;no_hit
412.35596484435524;205.5894364826;110.78178336075129;8.0;98.6581083589757;2.84048413129878;513.0900895457357;159.48911495188665;540.4396644411845;83.70458368549411;1.6;no_hit
368.37331818077246;325.9911094466875;346.06926969250713;8.0;-174.37514392433408;-1.887031817275144;619.1633085070528;87.52031421664378;795.7663492237166;80.87111781111848;1.0318326018394643;no_hit
440.8318837546983;214.27599244730789;179.61514442561716;0.0;-169.65105075573044;3.9439628107787144;280.76801550834057;132.78269094928328;280.76801550834057;132.78269094928328;1.556745926518531;hit
479.7156074031593;329.35769528726547;279.6817417194498;0.0;-123.32535463132535;-1.3909838946795787;280.76801550834034;132.78269094928356;280.76801550834034;132.78269094928356;1.3575492607605057;hit
408.6446650324377;410.1679602533502;305.44234336515706;0.0;-87.91899659376072;-1.4979076859999623;280.76801550834057;132.78269094928328;280.76801550834057;132.78269094928328;1.3273940308939083;hit
301.9075525107394;396.43600540775276;264.49943336349963;0.0;-52.08491713936528;-1.3419770037648675;280.7680155083408;132.78269094928328;280.7680155083408;132.78269094928328;1.3780726435907737;hit
253.60522316327655;300.2681170407907;169.67376120377267;0.0;-9.881070163265662;-0.44299343560319926;280.76801550834057;132.78269094928325;280.76801550834057;132.78269094928325;1.5893663185782936;no_hit
295.66809767760543;426.6778295808662;37.17212698950771;0.0;11.279525940993148;2.8421709430404007E-14;287.81361120392137;390.3450060302694;287.81361120392137;390.3450060302694;1.6;hit
309.57639738711316;403.09981262930273;48.447187436478245;8.0;58.76397925218765;-2.889603814369167;296.6840303947617;356.39952522290895;313.36031198957295;325.3615032715558;1.6;hit
671.7324525979506;249.94742753430037;633.4433075374421;8.0;153.30434310429717;1.826105448364956;52.25745688956545;117.65550202079564;-128.98444984357954;340.71109733759863;1.157867324210524;no_hit
590.2422034424127;241.36019189308007;531.0221522089184;8.0;78.97065503063315;0.4275903013329412;62.75162151368147;302.5011120127533;-61.275864847410716;516.5003153534926;1.1883160609854508;no_hit
411.6111430444792;112.27364462654813;489.55023287606525;8.0;156.86895561854539;0.19787722089711224;248.27561807793552;573.7722218647812;380.59861133361045;763.4195437910778;1.2042691296713488;no_hit
365.8909812708525;219.39782956425157;335.76013445755837;8.0;118.37974516944504;1.6266734306471022;464.1736567561219;540.451382091575;550.3908033683549;690.3590641630907;1.2978316653391753;hit
294.5008294385203;48.238819039315956;554.7647023506;4.0;-131.42956745960527;3.2007949491548544;477.04841939381276;572.109272849859;498.4340854673169;445.6063518484451;1.1802566017201326;no_hit
318.9992475748473;202.16952445077848;532.4045406954315;0.0;98.84482581293338;-2.7213811650947406;692.0721691292878;581.9999999999998;692.0721691292878;581.9999999999998;1.1878270982989347;hit
314.77844995699496;152.64537071910897;498.39315209972875;0.0;-18.68194923930102;-0.27303880126770963;705.6000927888431;461.925466351076;705.6000927888431;461.925466351076;1.2006448113877575;hit
341.31703777971717;220.689717442769;436.9174186481165;0.0;55.16133947462752;0.8520800445004681;705.600092788843;461.9254663510759;705.600092788843;461.9254663510759;1.2288762034468985;hit
315.382934384444;287.2987784762709;427.5089599427459;0.0;126.06561893147848;0.4357362626411856;705.6000927888429;461.925466351076;705.6000927888429;461.925466351076;1.2339132260839456;hit
221.3749486696365;276.42989923308846;518.5389046327092;0.0;-171.28600599070347;-0.1359951714664902;705.6000927888429;461.925466351076;705.6000927888429;461.925466351076;1.1928495607688914;hit
168.799951116759;199.43093211122738;597.5431135951317;0.0;-128.38388340651088;-0.6063111998260098;705.6000927888429;461.9254663510762;705.6000927888429;461.9254663510762;1.1673519411818634;hit
190.8417951086017;108.83772917106315;624.2171538635907;0.0;-88.77267670631565;-0.7338956615907577;705.6000927888431;461.9254663510758;705.6000927888431;461.9254663510758;1.1602006599483052;hit
272.9145375325373;64.599326662238;587.4392317572018;0.0;-48.88592497839952;-0.5826256929051539;705.600092788843;461.9254663510759;705.600092788843;461.9254663510759;1.1702303737884017;hit
360.7074613480192;95.98999141224745;502.85156760308695;0.0;-5.02096130607252;-0.07853295878105371;705.600092788843;461.925466351076;705.600092788843;461.925466351076;1.198865841219635;hit
396.1245836174245;182.23730299743545;417.1337429374917;0.0;47.56902179886238;0.8006360028454225;705.600092788843;461.92546635107595;705.600092788843;461.92546635107595;1.2397312653150316;hit
349.453001017157;271.2290755531074;403.98745579634186;0.0;113.50818472845913;1.0486030195257356;705.6000927888429;461.92546635107624;705.6000927888429;461.92546635107624;1.2475324383597;hit
250.59263186130002;289.24017255972257;486.6744293586171;0.0;172.89183618439637;0.11847757858940611;705.600092788843;461.9254663510759;705.600092788843;461.9254663510759;1.2054761745583982;hit
175.53517301009936;222.42587711470307;581.6604442666161;0.0;-138.64022550552073;-0.5261356372038364;705.6000927888429;461.9254663510761;705.6000927888429;461.9254663510761;1.1719216099112335;hit
178.25996382658386;129.22959596290545;623.5175649388511;0.0;-98.5729065256245;-0.7282697556760951;705.6000927888429;461.9254663510761;705.6000927888429;461.9254663510761;1.1603804056583507;hit
249.34153884951402;68.89402604119135;602.2006153391658;0.0;-59.06766738052655;-0.6484413439158558;705.600092788843;461.92546635107595;705.600092788843;461.92546635107595;1.1660576184294977;hit
367.1681937359952;255.09517780334411;396.629447415664;0.0;98.24379029477714;1.1468762215112633;705.6000927888429;461.9254663510762;705.6000927888429;461.9254663510762;1.2521244971889365;no_hit
341.7424628251012;81.34555421954137;526.5296234789433;0.0;-16.612130789725313;-0.24530728121123246;705.600092788843;461.92546635107595;705.600092788843;461.92546635107595;1.1899228372741295;hit
394.31746037797785;158.34452134140292;434.80831111376415;0.0;33.392327152705164;0.5713911927667894;705.600092788843;461.92546635107595;705.600092788843;461.92546635107595;1.2299864042245408;hit
274.21287847066316;293.26691563301;463.18531432626145;0.0;160.3207837218941;0.3387553310867446;705.600092788843;461.9254663510759;705.600092788843;461.9254663510759;1.2158963095482802;hit
186.9041320414139;243.5179960269815;562.8030941537802;0.0;-149.1598281794399;-0.4226666588955794;705.6000927888431;461.925466351076;705.6000927888431;461.925466351076;1.1776820366461525;hit
170.19278324886284;151.79176135525736;618.7438097332963;0.0;-108.406802828304;-0.7057465847460946;705.600092788843;461.925466351076;705.600092788843;461.925466351076;1.161617778516611;hit
227.17658495504577;77.99597794841952;613.425549609014;0.0;-69.07196477419156;-0.6946592287504245;705.6000927888429;461.9254663510759;705.6000927888429;461.9254663510759;1.1630189679313783;hit
320.14714532417895;70.964178024655;549.0215876257071;0.0;-27.73179677183594;-0.38354410467055544;705.600092788843;461.925466351076;705.600092788843;461.925466351076;1.1821422003321562;hit
387.5822384846378;135.3495763379274;455.8367773601981;0.0;19.914036039998944;0.3369363050095373;705.6000927888431;461.9254663510759;705.6000927888431;461.9254663510759;1.2193767702972789;hit
298.1541729812084;292.2947392988327;441.3465317957784;0.0;147.071407336274;0.5732589556169074;705.6000927888429;461.9254663510762;705.6000927888429;461.9254663510762;1.2265793266645004;hit
381.1418410298298;235.6306487575926;395.57869205024565;0.0;82.78067284210498;1.1464702187591982;705.6000927888429;461.9254663510761;705.6000927888429;461.9254663510761;1.2527942025433922;no_hit
376.9410753664721;242.438994213104;407.969907803365;0.0;114.82608358489576;-2.587547462893056;782.0;291.08787136166825;782.0;291.08787136166825;1.2451161178490606;hit
290.202873962196;293.1761267903917;491.8015595641999;0.0;173.917972787477;0.10037239730812075;782.0;291.08787136166836;782.0;291.08787136166836;1.2033340440982192;no_hit
388.06979321938957;221.21913680039862;370.6094035551223;0.0;142.9277386436255;0.7585858919007507;697.9944815576766;18.0;697.9944815576766;18.0;1.2698258571982688;no_hit
313.7758726452196;288.88142741143946;470.10710178754215;0.0;-163.1407489154199;-0.2874575366133456;697.9944815576766;18.000000000000057;697.9944815576766;18.000000000000057;1.2127174842068085;no_hit
170.19278324886383;151.7917613552547;440.2781104692238;8.0;-81.27581124384696;0.9270124362757741;609.8872518641082;174.4542596179782;400.17837620208786;207.33490829611713;1.227129165911577;no_hit
366.29731265426534;101.71306422098829;149.18789016451598;0.0;79.80832556935034;2.992783637300775;489.78475918415506;18.00000000000003;489.78475918415506;18.00000000000003;1.6;hit
349.4530010171535;271.229075553111;221.67315304705127;8.0;-163.441362420541;3.81925443793304;476.9670238406589;89.90295839072326;409.7820119609929;205.85431928613377;1.4511146190931588;no_hit
207.38839069357263;91.50738340956391;93.916199370678;0.0;9.182330968951776;0.7183785652887025;265.84279248259367;17.999999999999986;265.84279248259367;17.999999999999986;1.6;hit
238.26359675127034;382.6729226848185;222.99315127941733;0.0;111.13185041141294;-3.836060119904232;18.0;347.8893998080473;18.0;347.8893998080473;1.4484442657823913;no_hit
339.56163954279657;329.0514105843674;317.36118631859114;3.0;-177.1864321172966;-2.063965014114501;22.55480368153269;344.0443622208266;73.99586093404295;308.8372791263706;1.3150983936000682;no_hit
315.23923550253414;556.4254913336904;235.43330844843055;8.0;9.94685983443319;0.5460277999371783;79.92746428719767;563.989422485875;-53.474635341529705;600.0799126874933;1.4247487352534234;no_hit
299.7311281562521;552.5284661901402;49.114085134535216;0.0;56.980154402174186;-5.6843418860808015E-14;260.4421722844468;582.0;260.4421722844468;582.0;1.6;hit
427.9510448308129;511.1287990564418;280.8144397657695;8.0;-54.47473246844401;1.1811503554422984;147.22278309738027;518.0852812916186;299.2928275029092;499.0405472350942;1.3561070437952234;no_hit
296.25932515175367;550.5905744447296;47.54238907640641;0.0;87.15612646333916;-5.6843418860808015E-14;259.86661935882955;581.18223546799;259.86661935882955;581.18223546799;1.6;hit
296.25932515175367;550.5905744447296;47.54238907640641;0.0;87.15612646333916;-5.6843418860808015E-14;259.86661935882955;581.18223546799;259.86661935882955;581.18223546799;1.6;hit
277.41750720007155;344.15027493505846;54.50280827232671;8.0;-9.668942567157579;2.6712334042132113;308.77402584407605;299.5708531342073;296.17200736090086;261.9890442147605;1.6;hit
369.0316967641549;548.6707230885261;312.82009912887946;8.0;-141.00656478055762;-0.23593665533456942;532.2917309307165;281.8326154971719;516.6236670902149;445.6741293478622;1.319672553900703;no_hit
247.2620374951156;365.0239436427863;83.98489501583501;8.0;-14.601803336815665;4.241304588473184;314.3837193395131;314.5448151122708;287.0942671703492;259.90011845159046;1.6;hit
263.2009071223392;529.1458226498304;261.14639324195326;8.0;-105.85754196879324;1.8872888991189996;469.8556117686094;369.4859599703087;341.11437277061003;439.49574628348455;1.3829269811409939;no_hit
369.0316967641543;548.6707230885266;312.8200991288794;8.0;-141.00656478055734;-0.2359366553346689;532.2917309307164;281.83261549717287;516.6236670902136;445.6741293478631;1.3196725539007033;no_hit
247.26203749511623;365.02394364278604;83.98489501583416;8.0;-14.601803336814621;4.241304588473241;314.3837193395125;314.54481511227027;287.0942671703492;259.90011845159034;1.6;hit
263.20090712233866;529.1458226498299;261.1463932419523;8.0;-105.85754196879297;1.8872888991189996;469.85561176860847;369.4859599703093;341.1143727706089;439.4957462834841;1.3829269811409952;no_hit
369.0316967641537;548.670723088527;312.82009912887906;8.0;-141.00656478055703;-0.23593665533446995;532.2917309307161;281.8326154971737;516.6236670902122;445.67412934786364;1.3196725539007035;no_hit
247.262037495117;365.02394364278535;83.98489501583342;8.0;-14.601803336813882;4.241304588472985;314.38371933951237;314.54481511226965;287.0942671703497;259.90011845158995;1.6;hit
263.2009071223382;529.1458226498297;261.1463932419517;8.0;-105.85754196879266;1.8872888991189711;469.85561176860784;369.48595997030975;341.11437277060793;439.4957462834835;1.382926981140996;no_hit
369.0316967641532;548.6707230885273;312.82009912887895;8.0;-141.0065647805568;-0.23593665533444153;532.2917309307163;281.8326154971747;516.6236670902113;445.67412934786444;1.3196725539007037;no_hit
247.26203749511774;365.02394364278473;83.98489501583259;8.0;-14.601803336813068;4.241304588472985;314.3837193395121;314.544815112269;287.0942671703501;259.9001184515897;1.6;hit
263.20090712233787;529.145822649829;261.1463932419508;8.0;-105.85754196879243;1.8872888991189143;469.8556117686073;369.4859599703103;341.11437277060713;439.495746283483;1.3829269811409974;no_hit
369.03169676415246;548.6707230885277;312.82009912887884;8.0;-141.00656478055654;-0.23593665533444153;532.2917309307161;281.8326154971755;516.6236670902099;445.6741293478651;1.3196725539007037;no_hit
247.26203749511825;365.02394364278433;83.98489501583194;8.0;-14.60180333681223;4.241304588472758;314.3837193395117;314.5448151122685;287.09426717035035;259.90011845158944;1.6;hit
263.20090712233724;529.1458226498289;261.1463932419505;8.0;-105.8575419687921;1.8872888991191417;469.8556117686066;369.48595997031066;341.1143727706061;439.4957462834824;1.3829269811409979;no_hit
155.62519558673742;373.39583029072327;37.85650265228565;0.0;-16.35793840955116;2.8421709430404007E-14;118.91285996546736;364.1589906637872;118.91285996546736;364.1589906637872;1.6;hit
152.6409263655089;373.1905921815207;39.0533724058157;3.0;-1.9439193814472628;1.8520292896785122;114.06395044835016;367.1092415622683;103.82989351925875;370.0598635695773;1.6;hit
329.99891714632713;18.0;41.9653619434584;4.0;-0.32209394289782556;4.808224512200965;371.96425884352834;18.041222355727797;382.22870622535436;6.749068580767174;1.6;hit
341.33991002948085;39.252522211918894;51.586452599314306;8.0;73.23063888485409;-3.0843875321336753;389.8142260469804;56.89913033974011;396.4769975030847;93.8201851106941;1.6;hit
123.78410771617929;176.67370649011795;75.7061627394998;0.0;39.05430775433218;3.5209739313190767;121.56476409864085;252.34733195267208;121.56476409864085;252.34733195267208;1.6;hit
18.0;211.38693328793414;111.37061830474579;0.0;179.15513466020766;1.4210854715202004E-14;121.56476409864077;252.3473319526721;121.56476409864077;252.3473319526721;1.6;hit
24.45503707202918;197.03010414085418;111.75998736563805;0.0;-80.18322295558137;-0.5043790981666021;121.5647640986408;252.34733195267205;121.5647640986408;252.34733195267205;1.6;hit
131.13372607013122;216.08682236876305;37.501861133770255;0.0;-62.29885828732738;0.0;121.5647640986408;252.34733195267208;121.5647640986408;252.34733195267208;1.6;hit
646.4499911553474;429.53005110268094;606.6303034025243;8.0;122.05908288509629;4.044104110811986;41.39483757289281;385.8426830250439;-228.40404276120233;448.0803504088311;1.1648450455559354;hit
728.9164481137502;386.02999613436606;710.9189566775232;0.0;174.3411062362181;0.06429625792770821;18.0;387.91858417507945;18.0;387.91858417507945;1.1406630095606813;no_hit
574.2474745790427;492.6420586618069;488.501440172289;8.0;93.83404521646652;2.6816164069529123;88.08067600739031;540.3442705286676;-13.52699658177579;747.6215460183761;1.20470768717638;no_hit
594.3260329604552;407.7963505889029;366.574689924293;8.0;84.89907649319423;2.011766758630415;258.58737262805636;554.9580142493062;223.05185908372698;735.8471914206527;1.2727957023455507;no_hit
592.9759262236112;307.31774880318363;440.5936255799984;0.0;151.7977164472773;-2.895666718308064;248.4873142504764;581.9999999999998;248.4873142504764;581.9999999999998;1.2269665156148362;no_hit
456.1776280640392;558.2578431106267;346.28672640266177;0.0;153.564336028608;0.6017097634510549;782.0;440.9792055473589;782.0;440.9792055473589;1.2887780338531374;no_hit
458.4251708689048;389.10009409797385;233.15565318600042;8.0;13.118013713585587;2.112857033570805;655.3942902514568;264.34142857828954;739.2043844434734;155.3504878809334;1.428898028563883;no_hit
222.97445563530218;535.156304466497;610.2120868159901;8.0;135.4735779167564;0.8731217954091335;609.4265564888207;62.91318419662218;421.2062665819284;267.89553740241615;1.1638774487765187;no_hit
408.0349758458746;389.100094097976;401.430460664175;0.0;93.1834648494136;-3.3455502046950016;254.962656631965;17.999999999999943;254.962656631965;17.999999999999943;1.249109147907082;no_hit
624.9729510406898;514.4815560638793;663.1090633209043;0.0;55.022808350409385;-1.5590453666977169;18.000000000000114;247.46570154717926;18.000000000000114;247.46570154717926;1.1508047552527663;hit
648.739638681856;424.3254921298004;655.066315215068;0.0;111.10464126222408;0.6556450764425392;18.000000000000114;247.46570154717892;18.000000000000114;247.46570154717892;1.1526563000986678;no_hit
577.1064306743084;384.3029383535484;487.4393065380806;6.0;126.2767652366757;0.6137066466049532;240.77859353501435;31.484764893720296;346.02758463527084;168.5633699084634;1.2051537466484306;no_hit
695.9368510825141;460.4370847165905;549.5074641241953;8.0;-143.10861924151317;4.852145182335619;228.69291470227682;171.22858372793604;62.593788542415496;364.1122462717364;1.1819811495361212;no_hit
614.0706340876034;276.9571778093305;543.8033280601987;8.0;57.11541047186412;2.471560016455271;95.34463719503117;440.1913646610904;44.035165792913716;687.2401792541632;1.1838900110389359;no_hit
588.7094720058981;138.12674701447375;688.0144785503674;0.0;149.59988640184017;-1.7920789063567781;17.999999999999886;522.3852814124527;17.999999999999886;522.3852814124527;1.1453457784939323;no_hit
586.0989976795877;105.00930618569002;595.508595112433;5.0;115.56735185316576;0.010877889441815114;210.68616210424136;567.2816174244897;255.43901800782257;402.93718237406495;1.1679236887943152;no_hit
254.65270234843427;157.1905903984761;139.85780721914713;0.0;121.47491538899806;2.878795250229757;241.00771115489414;18.00000000000003;241.00771115489414;18.00000000000003;1.6;hit
92.13505891232325;294.15933348122013;80.18142654990909;0.0;47.48286776371984;3.9411804345888584;18.000000000000014;263.61339752167174;18.000000000000014;263.61339752167174;1.6;hit
121.62376630666934;341.124725879455;196.46722236219028;8.0;120.71540654518098;2.271097504248149;83.59549900695654;533.8764323541213;152.81959164070736;640.483561417108;1.5089907557997053;no_hit
274.9261368307408;346.146119366375;101.55441116831257;8.0;50.131358666007806;1.8250065137067732;278.92255893198654;447.62186542488575;320.2203064212887;508.8547309118445;1.6;no_hit
429.6370986644156;555.8772372955218;390.193958454593;8.0;167.69626184857924;0.831255951221749;611.035416530628;210.4123686188745;661.6791601321133;23.95151130431327;1.256282799446873;no_hit
408.23240158022423;578.8121590436818;518.4788625075643;8.0;-94.68877014621647;-1.8736016781572005;679.8179062884046;137.15432259159235;903.329750241538;43.176854090327666;1.192871893593427;hit
412.47239080458877;163.1354577981768;133.0543668310272;0.0;177.97759520109423;0.1293453983448103;279.79264744880163;153.15797134877423;279.79264744880163;153.15797134877423;1.6;hit
510.3985334650036;235.01182997267003;244.70212266537098;0.0;-133.2642537577571;-1.3950240851667104;279.79264744880163;153.15797134877414;279.79264744880163;153.15797134877414;1.408660124852082;hit
493.89646254309656;348.43247046028614;289.7802160969308;0.0;-96.08841173971018;-1.5770704742689077;279.79264744880163;153.15797134877414;279.79264744880163;153.15797134877414;1.3450891208064744;hit
395.3722932519565;391.7264173679315;265.0916029601434;0.0;-61.87299744684619;-1.503154383738348;279.7926474488017;153.15797134877414;279.7926474488017;153.15797134877414;1.3772280935471013;hit
304.38596831335946;334.25584709479716;182.76014891345724;0.0;-23.98833913754393;-0.9803322065171187;279.79264744880174;153.15797134877417;279.79264744880174;153.15797134877417;1.5471652359363812;hit
350.60581806228964;175.97203799550005;74.39749168685871;0.0;132.42060964991958;4.891949742296447;279.79264744880163;153.15797134877417;279.79264744880163;153.15797134877417;1.6;hit
471.74057116785633;185.0337091089077;194.57663805762715;0.0;-155.1506198899395;-1.0282046496885755;279.79264744880163;153.15797134877417;279.79264744880163;153.15797134877417;1.513936313209314;hit
516.6979757565035;297.8812791579206;277.6129867347725;0.0;-113.14224760499172;-1.5352616498219334;279.7926474488015;153.15797134877434;279.7926474488015;153.15797134877434;1.360213695966387;hit
450.0315745563671;382.361861094681;285.50957142868043;0.0;-79.11911522503168;-1.5678827194460894;279.79264744880186;153.15797134877405;279.79264744880186;153.15797134877405;1.350250954808987;hit
342.714619528428;374.33385157285454;229.95204839984794;0.0;-43.84143181685999;-1.3466523117807583;279.79264744880186;153.15797134877414;279.79264744880186;153.15797134877414;1.4348732733448706;no_hit
494.5815357279562;207.30625839622257;105.63678959411145;8.0;154.1504680089015;2.651961510727716;469.25412747715774;104.75064564368738;392.62170150265416;99.289717401847;1.6;no_hit
125.64724276916084;287.1136070560387;155.53280087496452;0.0;-165.5902211148655;-0.7717990652345375;131.3598853071061;442.54146126256444;131.3598853071061;442.54146126256444;1.6;hit
213.47550550550017;203.19734785658008;253.03869210589835;0.0;-122.63151820252521;-1.5516001251824605;131.359885307106;442.54146126256444;131.359885307106;442.54146126256444;1.3951964783241504;hit
316.764126802797;233.41056489573117;279.4824942277918;0.0;-89.25361676871294;-1.6388559734317596;131.359885307106;442.54146126256444;131.359885307106;442.54146126256444;1.357804163285072;hit
349.47449872830646;335.9357293279138;242.7730764916124;0.0;-55.647598216367456;-1.5299175715954902;131.35988530710617;442.54146126256467;131.35988530710617;442.54146126256467;1.4119072899068152;hit
275.33538168766006;423.34254461005315;145.24992928967987;0.0;-14.09964285795335;-0.7297358152652578;131.35988530710603;442.5414612625645;131.35988530710603;442.5414612625645;1.6;hit
137.14554502464094;372.2112460883786;70.56779027867027;0.0;143.60205726456306;4.233607223145043;131.359885307106;442.54146126256444;131.359885307106;442.54146126256444;1.6;hit
142.03077813497987;250.8363030780034;192.00191568917103;0.0;-150.8811099191975;-1.205422403733337;131.359885307106;442.54146126256444;131.359885307106;442.54146126256444;1.5208281367457213;hit
253.26339952351714;202.01984855344267;269.6499823076344;0.0;-110.57238898787656;-1.6077984718212406;131.359885307106;442.54146126256444;131.359885307106;442.54146126256444;1.37085112761444;hit
339.98942594567677;265.7377747153488;273.4699778837653;0.0;-77.41543829219451;-1.6250475995817624;131.35988530710603;442.5414612625643;131.35988530710603;442.5414612625643;1.3656708526977819;hit
335.6614496336569;373.26752127133136;215.72669734686238;0.0;-42.9645297135724;-1.4095727471342343;131.359885307106;442.54146126256427;131.359885307106;442.54146126256427;1.4635494875222241;no_hit
123.73054121750278;334.7345775084142;107.67662767442351;0.0;89.21459612342578;4.244366472556862;17.999999999999986;355.1137041136044;17.999999999999986;355.1137041136044;1.6;hit
156.65270861671314;397.4549914995376;119.16322495992348;8.0;139.0902227931939;1.8650304830960565;170.73187889511337;515.783564325889;239.72195424832069;568.2339862164445;1.6;no_hit
127.89322772759775;279.43535519988285;313.6551575821547;0.0;-148.41331281979606;-0.7823996821567434;210.56240937871388;582.0;210.56240937871388;582.0;1.3188214750583442;hit
205.70295186220747;205.09139375413272;373.96430158195255;2.0;-107.00316215147222;-0.8696547818844286;210.21931871422296;579.0284222604516;207.3589414695776;532.3380316577816;1.267405203055419;no_hit
339.45475275796883;366.2240241706716;203.07404944366584;8.0;44.44504864983963;-0.4664525250331195;409.37686730709515;556.8806984688123;484.63722824865124;661.4019646047661;1.4924312105557371;hit
244.09507593135058;429.8093374816527;234.07568826649086;0.0;133.7499007837185;1.448464397795135;421.9417235794239;581.9999999999999;421.9417235794239;581.9999999999999;1.427212243785659;no_hit
412.23738963478695;179.0654539154737;144.67999534226598;0.0;-173.8005546666686;-0.3620226289257289;378.45922760591526;319.7471400803381;378.45922760591526;319.7471400803381;1.6;hit
510.1370747400713;107.15304921642097;250.07059582474236;0.0;-128.07271848515845;-1.4716638619194669;378.4592276059153;319.7471400803382;378.4592276059153;319.7471400803382;1.3998870785675388;hit
608.6771697846845;150.41073572355918;285.78859099255465;0.0;-93.96293985273593;-1.6027130901316582;378.4592276059152;319.74714008033817;378.4592276059152;319.74714008033817;1.3499089997004297;hit
627.9178442247402;256.29356823404237;257.4023255245199;0.0;-60.02782377362896;-1.5186558577040614;378.45922760591526;319.7471400803382;378.45922760591526;319.7471400803382;1.3884968785585976;hit
550.8962463898672;331.4537388053918;172.83393735261146;0.0;-22.183016669658574;-0.9600850678411916;378.45922760591526;319.74714008033806;378.45922760591526;319.74714008033806;1.5785900705136544;hit
407.66522017634526;249.7536050012311;75.84250097995321;0.0;141.05161725545088;4.1315039796512565;378.45922760591526;319.74714008033817;378.45922760591526;319.74714008033817;1.6;hit
444.59867823148585;134.03125638436563;197.14161505381938;0.0;-151.90167949775662;-1.13557830463634;378.4592276059153;319.7471400803382;378.4592276059153;319.7471400803382;1.5072495727129969;hit
564.7997985545994;116.49748992126545;275.74123498538813;0.0;-110.81401149013678;-1.569614499557872;378.45922760591526;319.74714008033817;378.45922760591526;319.74714008033817;1.362658852983302;no_hit
404.2066222589176;226.0435056739178;293.0471817635373;8.0;119.54962230766907;0.26097407030738395;160.828010020795;389.27187895686524;125.57927626117711;542.815574334037;1.3412419781627212;no_hit
527.3212939410515;335.73770037170726;115.3848167666703;8.0;113.90967542373431;2.9917799137131524;585.3776325957145;435.45288217615047;669.2828263783798;436.81382918873135;1.6;no_hit
407.6652201763453;249.753605001228;404.22076865739194;8.0;-151.34506380966693;-2.057596846736999;693.2636557580593;535.8094796258376;724.561502861269;731.8494711597492;1.2473895646978932;no_hit
428.04419048888576;151.35406346766885;503.8074456088398;0.0;-113.03496280889078;-0.8424363274770776;689.5131553759171;581.9999999999999;689.5131553759171;581.9999999999999;1.1984885314252398;no_hit
510.13707474007737;107.15304921642169;502.32243530905333;3.0;-75.28997053813814;2.5746360003124558;690.229003241712;576.0823896328433;709.6701328108319;489.6694524335323;1.1990753208912024;no_hit
621.4805224093507;170.6642507576019;384.10772337740116;0.0;-3.596997873729554;-0.07334266297489478;782.0;519.6230455632282;782.0;519.6230455632282;1.2603436325641024;no_hit
622.0052965486481;271.15055239676445;295.5281458555926;0.0;56.47880174940831;1.2737905496933948;782.0;519.6230455632282;782.0;519.6230455632282;1.3383772456274408;no_hit
663.6561426747456;219.69492297185005;58.874513766209695;8.0;-22.559664575021355;2.982327530922589;620.415974503027;259.6511018142907;648.5468738714112;291.9314195317961;1.6;hit
586.4624016715022;56.38451477189807;253.39154457903624;8.0;-114.66187998368339;4.776286923162274;439.8120736295325;263.0266115221304;522.2438154771721;144.9919811310267;1.3946461598240452;no_hit
504.67752711806;158.04437105970527;290.506615189363;8.0;170.57686726437663;-1.8992023012456798;549.5021070056932;445.0719838544986;395.7739419986077;475.1507325797082;1.3442262405446992;hit
574.3754772212496;185.2746752763982;50.869671094986195;8.0;84.7438241822252;4.661350029754928;590.3423030202728;233.57357703633187;622.7219627878743;251.46968992085127;1.6;hit
543.6512520588914;35.929323566281795;371.87555018982664;8.0;-147.5674753218756;-3.870735379270002;433.26151327264597;391.0427285507892;331.58652188846486;234.89936643365894;1.2689071651765067;no_hit
614.0768300213713;80.41950286425269;228.45658755318442;8.0;-55.036826628419;2.331465122309737;456.1318046761568;245.48246468532682;555.5140148704234;152.57738617274765;1.4377199233824682;no_hit
471.613469991728;140.83937805176666;265.78207118493845;8.0;-177.40157169823522;-2.029228412613808;645.6235784115725;341.73883432547007;638.0549048721114;489.6517066281704;1.3762481026435274;no_hit
502.12756429879914;112.31390489547714;262.3165024915542;8.0;-13.36982403038417;-4.23958122684661;420.7599249098497;361.6916399474891;377.62584849316795;221.2269396984865;1.3812188674756354;no_hit
463.48145987471156;18.0;431.07935060668814;8.0;-83.08648233036593;-1.4639212203873058;517.6050741098788;445.66814342619296;309.6265718483877;427.7311021867715;1.231975852843016;no_hit
455.36426423790914;40.49791551554408;393.83290203330824;8.0;-98.14977764917428;-3.896857776254933;108.80718445686489;227.587587003877;47.7582060448022;42.82192922516549;1.2539147935170296;no_hit
286.841586642698;18.0;432.0309074572856;0.0;-122.32398171039215;-0.05381922155999064;333.4128961899212;447.513466756774;333.4128961899212;447.513466756774;1.2314649213144244;hit
248.2299701431807;126.34774819764475;119.26137804193584;8.0;-147.62047152624038;-4.933650361600705;332.4011019187722;210.83737399914506;323.76279067415265;297.1416891167082;1.6;no_hit
323.73316091750854;52.390219617538214;395.24179650537667;0.0;-30.108923811572964;-0.5717335276009017;333.4128961899211;447.513466756774;333.4128961899211;447.513466756774;1.2530096788451361;hit
329.8892763537802;152.6891450741418;294.8453773630746;0.0;21.172467159635314;0.5476121176714897;333.41289618992107;447.51346675677405;333.41289618992107;447.51346675677405;1.3391608201367842;hit
246.8641685831694;221.1596442181505;242.33599655889824;0.0;97.41259628535681;1.8829863812600358;333.4128961899212;447.51346675677394;333.4128961899212;447.51346675677394;1.4126502105340162;hit
138.16442129816866;184.81511266924093;327.31084948081724;0.0;173.10900910735648;0.17219897845161114;333.4128961899213;447.5134667567739;333.4128961899213;447.5134667567739;1.3055199672073832;hit
113.01935602609112;80.17714888068947;428.37983493239454;0.0;-136.54946570776272;-0.745940225895442;333.41289618992147;447.5134667567738;333.41289618992147;447.5134667567738;1.233437692079464;hit
154.22768599560632;18.0;465.3914026685529;0.0;-74.86726576784667;2.4868995751603507E-14;333.4128961899212;447.513466756774;333.4128961899212;447.513466756774;1.2148728992985265;hit
199.68767943412206;75.16396383425578;395.6344094274813;0.0;1.2429150392491917;0.024632652694212;333.4128961899211;447.51346675677405;333.4128961899211;447.51346675677405;1.252758601418691;hit
183.12366499956715;174.27705898734786;311.8412858210532;0.0;62.299999982909114;1.285861255399297;333.4128961899213;447.51346675677394;333.4128961899213;447.51346675677394;1.3206759481404395;hit
136.39021311871335;207.25229135527252;310.7142900638602;0.0;144.09069140535266;0.3270080880343329;333.41289618992107;447.51346675677405;333.41289618992107;447.51346675677405;1.3218390759544638;hit
83.82409387446913;124.68328289104477;408.0611447516687;0.0;-150.3036903295262;-0.5660977064458379;333.412896189921;447.51346675677405;333.412896189921;447.51346675677405;1.2450613132030897;no_hit
177.7254440111263;93.62545809698189;213.25664191993155;8.0;33.522498788081094;-2.0451848536479194;316.32294983552714;255.7029910934496;251.10065380507277;369.9767432110756;1.4689185720065197;no_hit
493.87640210889714;412.684840111009;401.8603171939256;8.0;82.7342957173354;3.5290921850678387;243.5285015527138;98.3321031699831;51.219009756181094;143.8711765616719;1.2488426841900466;no_hit
652.5339223942879;578.1358340343509;713.8155350357024;8.0;-91.27916538465145;3.25285238427702;152.03575418827467;69.18180695456499;262.8414556520958;368.37062855595514;1.1400922158341629;hit
